applepie_1.jpg,0
applepie_10.jpg,0
applepie_11.jpg,0
applepie_12.jpg,0
applepie_13.jpg,0
applepie_14.jpg,0
applepie_15.jpg,0
applepie_16.jpg,0
applepie_17.jpg,0
applepie_18.jpg,0
applepie_19.jpg,0
applepie_2.jpg,0
applepie_20.jpg,0
applepie_21.jpg,0
applepie_22.jpg,0
applepie_23.jpg,0
applepie_24.jpg,0
applepie_25.jpg,0
applepie_26.jpg,0
applepie_27.jpg,0
applepie_28.jpg,0
applepie_29.jpg,0
applepie_3.jpg,0
applepie_30.jpg,0
applepie_31.jpg,0
applepie_32.jpg,0
applepie_33.jpg,0
applepie_34.jpg,0
applepie_35.jpg,0
applepie_36.jpg,0
applepie_37.jpg,0
applepie_38.jpg,0
applepie_39.jpg,0
applepie_4.jpg,0
applepie_40.jpg,0
applepie_41.jpg,0
applepie_42.jpg,0
applepie_5.jpg,0
applepie_6.jpg,0
applepie_7.jpg,0
applepie_8.jpg,0
applepie_9.jpg,0
churro_1.jpg,1
churro_10.jpg,1
churro_11.jpg,1
churro_12.jpg,1
churro_13.jpg,1
churro_14.jpg,1
churro_15.jpg,1
churro_16.jpg,1
churro_17.jpg,1
churro_18.jpg,1
churro_19.jpg,1
churro_2.jpg,1
churro_20.jpg,1
churro_21.jpg,1
churro_22.jpg,1
churro_23.jpg,1
churro_24.jpg,1
churro_25.jpg,1
churro_26.jpg,1
churro_27.jpg,1
churro_28.jpg,1
churro_29.jpg,1
churro_3.jpg,1
churro_30.jpg,1
churro_31.jpg,1
churro_32.jpg,1
churro_33.jpg,1
churro_34.jpg,1
churro_35.jpg,1
churro_36.jpg,1
churro_37.jpg,1
churro_38.jpg,1
churro_39.jpg,1
churro_4.jpg,1
churro_40.jpg,1
churro_41.jpg,1
churro_42.jpg,1
churro_43.jpg,1
churro_44.jpg,1
churro_45.jpg,1
churro_46.jpg,1
churro_47.jpg,1
churro_48.jpg,1
churro_49.jpg,1
churro_5.jpg,1
churro_50.jpg,1
churro_51.jpg,1
churro_52.jpg,1
churro_53.jpg,1
churro_54.jpg,1
churro_55.jpg,1
churro_56.jpg,1
churro_57.jpg,1
churro_58.jpg,1
churro_59.jpg,1
churro_6.jpg,1
churro_60.jpg,1
churro_61.jpg,1
churro_62.jpg,1
churro_63.jpg,1
churro_64.jpg,1
churro_65.jpg,1
churro_66.jpg,1
churro_67.jpg,1
churro_68.jpg,1
churro_69.jpg,1
churro_7.jpg,1
churro_70.jpg,1
churro_71.jpg,1
churro_72.jpg,1
churro_8.jpg,1
churro_9.jpg,1
gyoza_1.jpg,2
gyoza_10.jpg,2
gyoza_11.jpg,2
gyoza_12.jpg,2
gyoza_13.jpg,2
gyoza_14.jpg,2
gyoza_15.jpg,2
gyoza_16.jpg,2
gyoza_17.jpg,2
gyoza_18.jpg,2
gyoza_19.jpg,2
gyoza_2.jpg,2
gyoza_20.jpg,2
gyoza_21.jpg,2
gyoza_22.jpg,2
gyoza_23.jpg,2
gyoza_24.jpg,2
gyoza_25.jpg,2
gyoza_26.jpg,2
gyoza_27.jpg,2
gyoza_28.jpg,2
gyoza_29.jpg,2
gyoza_3.jpg,2
gyoza_30.jpg,2
gyoza_31.jpg,2
gyoza_32.jpg,2
gyoza_33.jpg,2
gyoza_34.jpg,2
gyoza_35.jpg,2
gyoza_36.jpg,2
gyoza_37.jpg,2
gyoza_38.jpg,2
gyoza_39.jpg,2
gyoza_4.jpg,2
gyoza_40.jpg,2
gyoza_41.jpg,2
gyoza_42.jpg,2
gyoza_43.jpg,2
gyoza_44.jpg,2
gyoza_45.jpg,2
gyoza_46.jpg,2
gyoza_47.jpg,2
gyoza_48.jpg,2
gyoza_49.jpg,2
gyoza_5.jpg,2
gyoza_50.jpg,2
gyoza_51.jpg,2
gyoza_52.jpg,2
gyoza_53.jpg,2
gyoza_54.jpg,2
gyoza_55.jpg,2
gyoza_56.jpg,2
gyoza_57.jpg,2
gyoza_58.jpg,2
gyoza_59.jpg,2
gyoza_6.jpg,2
gyoza_60.jpg,2
gyoza_61.jpg,2
gyoza_62.jpg,2
gyoza_63.jpg,2
gyoza_64.jpg,2
gyoza_65.jpg,2
gyoza_66.jpg,2
gyoza_67.jpg,2
gyoza_68.jpg,2
gyoza_69.jpg,2
gyoza_7.jpg,2
gyoza_70.jpg,2
gyoza_71.jpg,2
gyoza_72.jpg,2
gyoza_8.jpg,2
gyoza_9.jpg,2
